{"cameraMode":{"drawMode":0,"name":"Shaded","section":"Shading Mode"},"sceneLighting":true,"audioPlay":false,"sceneViewState":{"showFog":true,"showMaterialUpdate":false,"showSkybox":true,"showFlares":true,"showImageEffects":true,"showParticleSystems":true},"in2DMode":false,"pivot":{"x":-32.57809066772461,"y":-7.036569118499756,"z":8.696849822998047},"rotation":{"x":-0.10322858393192291,"y":0.59428471326828,"z":-0.07728136330842972,"w":-0.7938754558563232},"size":23.633190155029298,"orthographic":false}